ID,cc_cons
17591,219704.0
13541,219704.0
13431,219704.0
8687,219704.0
14727,219704.0
14988,219704.0
14859,219704.0
16636,219704.0
7625,219704.0
16492,219704.0
13674,219704.0
11981,219704.0
5185,219704.0
15288,219704.0
18526,219704.0
16760,219704.0
10805,219704.0
8830,219704.0
8926,219704.0
10974,219704.0
2155,219704.0
17251,219704.0
12154,219704.0
12227,219704.0
19961,219704.0
13866,219704.0
17498,219704.0
7241,219704.0
414,219704.0
206,219704.0
7420,219704.0
4601,219704.0
2768,219704.0
8120,219704.0
18584,219704.0
16697,219704.0
16238,219704.0
3772,219704.0
3462,219704.0
710,219704.0
558,219704.0
1244,219704.0
1302,219704.0
547,219704.0
19129,219704.0
237,219704.0
11122,219704.0
4438,219704.0
18371,219704.0
6401,219704.0
13770,219704.0
18317,219704.0
19226,219704.0
4126,219704.0
11313,219704.0
3925,219704.0
15973,219704.0
12281,219704.0
353,219704.0
907,219704.0
1711,219704.0
9617,219704.0
12928,219704.0
3523,219704.0
18838,219704.0
17609,219704.0
306,219704.0
14812,219704.0
1551,219704.0
16640,219704.0
13546,219704.0
4968,219704.0
13371,219704.0
3981,219704.0
11568,219704.0
5662,219704.0
19586,219704.0
14489,219704.0
14153,219704.0
7626,219704.0
3085,219704.0
14821,219704.0
9815,219704.0
6506,219704.0
6176,219704.0
13040,219704.0
1325,219704.0
330,219704.0
2389,219704.0
10391,219704.0
1019,219704.0
4338,219704.0
19849,219704.0
13667,219704.0
12709,219704.0
12701,219704.0
18563,219704.0
19665,219704.0
5251,219704.0
6671,219704.0
15887,219704.0
544,219704.0
13494,219704.0
4304,219704.0
12181,219704.0
15041,219704.0
14167,219704.0
4659,219704.0
1820,219704.0
6317,219704.0
313,219704.0
12467,219704.0
13452,219704.0
3464,219704.0
4890,219704.0
11567,219704.0
17396,219704.0
13188,219704.0
15605,219704.0
7577,219704.0
8160,219704.0
1429,219704.0
14928,219704.0
3349,219704.0
799,219704.0
12678,219704.0
19053,219704.0
15806,219704.0
2854,219704.0
4144,219704.0
16232,219704.0
10365,219704.0
4202,219704.0
9671,219704.0
6615,219704.0
12050,219704.0
13998,219704.0
7406,219704.0
12497,219704.0
4662,219704.0
3661,219704.0
17436,219704.0
2332,219704.0
16771,219704.0
17110,219704.0
15967,219704.0
5758,219704.0
2882,219704.0
10774,219704.0
7750,219704.0
16516,219704.0
3670,219704.0
15883,219704.0
2947,219704.0
13476,219704.0
13301,219704.0
6468,219704.0
15135,219704.0
16278,219704.0
12114,219704.0
3839,219704.0
2886,219704.0
11928,219704.0
15155,219704.0
4316,219704.0
7299,219704.0
1306,219704.0
19221,219704.0
7039,219704.0
11499,219704.0
1312,219704.0
2124,219704.0
1907,219704.0
16979,219704.0
6629,219704.0
5295,219704.0
11961,219704.0
11653,219704.0
2822,219704.0
9335,219704.0
742,219704.0
8080,219704.0
12707,219704.0
3559,219704.0
4455,219704.0
16907,219704.0
6453,219704.0
1108,219704.0
280,219704.0
16566,219704.0
17535,219704.0
15464,219704.0
936,219704.0
17214,219704.0
6182,219704.0
14305,219704.0
11840,219704.0
7534,219704.0
3025,219704.0
6393,219704.0
13441,219704.0
18252,219704.0
11194,219704.0
15711,219704.0
5219,219704.0
16914,219704.0
10003,219704.0
12338,219704.0
3813,219704.0
15088,219704.0
10155,219704.0
1466,219704.0
15472,219704.0
17157,219704.0
18166,219704.0
15940,219704.0
16627,219704.0
10125,219704.0
16485,219704.0
683,219704.0
6119,219704.0
4454,219704.0
9712,219704.0
4120,219704.0
15722,219704.0
6352,219704.0
17883,219704.0
18204,219704.0
9971,219704.0
9023,219704.0
13472,219704.0
18393,219704.0
1916,219704.0
2114,219704.0
15098,219704.0
16002,219704.0
14466,219704.0
5230,219704.0
7591,219704.0
11578,219704.0
3258,219704.0
12283,219704.0
17355,219704.0
6557,219704.0
1523,219704.0
579,219704.0
11196,219704.0
4925,219704.0
10260,219704.0
16414,219704.0
9575,219704.0
4517,219704.0
5120,219704.0
624,219704.0
19457,219704.0
18888,219704.0
2356,219704.0
4545,219704.0
18014,219704.0
13964,219704.0
6774,219704.0
12210,219704.0
7735,219704.0
12253,219704.0
968,219704.0
19474,219704.0
10090,219704.0
9695,219704.0
6057,219704.0
11620,219704.0
19105,219704.0
18161,219704.0
16983,219704.0
16846,219704.0
12641,219704.0
12194,219704.0
3182,219704.0
697,219704.0
16666,219704.0
10809,219704.0
16899,219704.0
1473,219704.0
11504,219704.0
7004,219704.0
12782,219704.0
3142,219704.0
15486,219704.0
10817,219704.0
755,219704.0
3527,219704.0
18375,219704.0
1146,219704.0
3290,219704.0
5630,219704.0
13114,219704.0
17944,219704.0
6621,219704.0
8012,219704.0
5782,219704.0
2840,219704.0
4245,219704.0
14833,219704.0
3884,219704.0
9209,219704.0
17550,219704.0
1191,219704.0
16498,219704.0
11748,219704.0
16053,219704.0
18527,219704.0
11548,219704.0
11074,219704.0
9104,219704.0
8083,219704.0
11425,219704.0
3247,219704.0
7233,219704.0
13650,219704.0
11762,219704.0
9216,219704.0
2398,219704.0
7321,219704.0
19222,219704.0
9225,219704.0
18451,219704.0
2529,219704.0
8266,219704.0
15901,219704.0
9070,219704.0
15808,219704.0
12019,219704.0
19750,219704.0
2532,219704.0
5234,219704.0
10409,219704.0
12698,219704.0
15412,219704.0
19217,219704.0
19907,219704.0
833,219704.0
17121,219704.0
1966,219704.0
7703,219704.0
520,219704.0
3739,219704.0
18300,219704.0
9834,219704.0
1992,219704.0
16462,219704.0
14735,219704.0
9481,219704.0
6989,219704.0
19741,219704.0
5767,219704.0
17583,219704.0
930,219704.0
1774,219704.0
13003,219704.0
1780,219704.0
5582,219704.0
19569,219704.0
3723,219704.0
3866,219704.0
7168,219704.0
19793,219704.0
5951,219704.0
5641,219704.0
6583,219704.0
18998,219704.0
8236,219704.0
19610,219704.0
5238,219704.0
5335,219704.0
19316,219704.0
9585,219704.0
14363,219704.0
6578,219704.0
15395,219704.0
1819,219704.0
18381,219704.0
3880,219704.0
9098,219704.0
17890,219704.0
7861,219704.0
5490,219704.0
12309,219704.0
1833,219704.0
17881,219704.0
13165,219704.0
8610,219704.0
13363,219704.0
4975,219704.0
12351,219704.0
273,219704.0
8975,219704.0
18951,219704.0
15165,219704.0
5178,219704.0
6044,219704.0
19386,219704.0
1635,219704.0
2814,219704.0
6974,219704.0
18536,219704.0
11636,219704.0
7414,219704.0
11880,219704.0
15503,219704.0
983,219704.0
18110,219704.0
7084,219704.0
14005,219704.0
19111,219704.0
18532,219704.0
18394,219704.0
10851,219704.0
4544,219704.0
6236,219704.0
15497,219704.0
19864,219704.0
15670,219704.0
8118,219704.0
7289,219704.0
13788,219704.0
5588,219704.0
5110,219704.0
10620,219704.0
1156,219704.0
18398,219704.0
7134,219704.0
7676,219704.0
9409,219704.0
17713,219704.0
3435,219704.0
14394,219704.0
117,219704.0
18541,219704.0
17575,219704.0
8351,219704.0
7216,219704.0
8736,219704.0
1989,219704.0
19666,219704.0
3908,219704.0
14375,219704.0
7794,219704.0
7232,219704.0
2836,219704.0
15954,219704.0
3354,219704.0
3368,219704.0
9219,219704.0
8658,219704.0
3809,219704.0
5129,219704.0
4874,219704.0
8758,219704.0
16293,219704.0
8150,219704.0
4272,219704.0
15938,219704.0
9893,219704.0
1299,219704.0
7239,219704.0
8253,219704.0
19340,219704.0
18530,219704.0
14903,219704.0
14454,219704.0
12353,219704.0
14431,219704.0
17602,219704.0
15036,219704.0
8921,219704.0
11059,219704.0
18577,219704.0
14565,219704.0
4955,219704.0
3535,219704.0
2024,219704.0
17666,219704.0
6295,219704.0
7085,219704.0
1389,219704.0
3659,219704.0
15509,219704.0
16938,219704.0
15432,219704.0
12074,219704.0
15777,219704.0
19953,219704.0
1709,219704.0
10048,219704.0
11839,219704.0
701,219704.0
7271,219704.0
10196,219704.0
2901,219704.0
198,219704.0
3877,219704.0
15160,219704.0
17634,219704.0
16927,219704.0
15162,219704.0
8443,219704.0
1716,219704.0
7870,219704.0
4318,219704.0
11351,219704.0
15465,219704.0
18121,219704.0
6602,219704.0
4331,219704.0
6592,219704.0
18955,219704.0
2510,219704.0
4009,219704.0
15468,219704.0
7251,219704.0
7463,219704.0
16325,219704.0
14882,219704.0
3610,219704.0
19097,219704.0
9378,219704.0
16582,219704.0
16761,219704.0
12055,219704.0
1226,219704.0
7344,219704.0
16365,219704.0
223,219704.0
15934,219704.0
11882,219704.0
7083,219704.0
14196,219704.0
1599,219704.0
5976,219704.0
5611,219704.0
12565,219704.0
1339,219704.0
16772,219704.0
11827,219704.0
18484,219704.0
3033,219704.0
14726,219704.0
13696,219704.0
16295,219704.0
7910,219704.0
1868,219704.0
3190,219704.0
549,219704.0
8940,219704.0
214,219704.0
3587,219704.0
11555,219704.0
19231,219704.0
8248,219704.0
355,219704.0
15634,219704.0
6746,219704.0
2963,219704.0
2082,219704.0
16784,219704.0
10436,219704.0
5114,219704.0
14525,219704.0
4534,219704.0
8877,219704.0
12117,219704.0
2682,219704.0
7948,219704.0
112,219704.0
2220,219704.0
606,219704.0
11552,219704.0
942,219704.0
555,219704.0
3394,219704.0
7916,219704.0
13261,219704.0
9592,219704.0
5694,219704.0
7570,219704.0
15543,219704.0
5834,219704.0
3362,219704.0
5741,219704.0
11060,219704.0
24,219704.0
14942,219704.0
8277,219704.0
4596,219704.0
396,219704.0
3213,219704.0
14447,219704.0
14106,219704.0
5940,219704.0
19543,219704.0
10215,219704.0
16348,219704.0
2111,219704.0
7973,219704.0
1175,219704.0
1796,219704.0
7425,219704.0
13183,219704.0
471,219704.0
17683,219704.0
4770,219704.0
10199,219704.0
9601,219704.0
19986,219704.0
10411,219704.0
10682,219704.0
12224,219704.0
8319,219704.0
4618,219704.0
7976,219704.0
4340,219704.0
10852,219704.0
4810,219704.0
5049,219704.0
16928,219704.0
4504,219704.0
4327,219704.0
13368,219704.0
5657,219704.0
1007,219704.0
10792,219704.0
18373,219704.0
12313,219704.0
8295,219704.0
15707,219704.0
5504,219704.0
11441,219704.0
10964,219704.0
10850,219704.0
17775,219704.0
17588,219704.0
14495,219704.0
5522,219704.0
14724,219704.0
3653,219704.0
1588,219704.0
7587,219704.0
2381,219704.0
2879,219704.0
11660,219704.0
11681,219704.0
6929,219704.0
17457,219704.0
10894,219704.0
4822,219704.0
1647,219704.0
15006,219704.0
19487,219704.0
12585,219704.0
17909,219704.0
7793,219704.0
4997,219704.0
4763,219704.0
11444,219704.0
1627,219704.0
10371,219704.0
18564,219704.0
4093,219704.0
6978,219704.0
12945,219704.0
3539,219704.0
10628,219704.0
11767,219704.0
13601,219704.0
2245,219704.0
14887,219704.0
4278,219704.0
9950,219704.0
3204,219704.0
16690,219704.0
2416,219704.0
19947,219704.0
17029,219704.0
14802,219704.0
4571,219704.0
2165,219704.0
14756,219704.0
17443,219704.0
12952,219704.0
16486,219704.0
3597,219704.0
1319,219704.0
2645,219704.0
18246,219704.0
17179,219704.0
8259,219704.0
2410,219704.0
16128,219704.0
2694,219704.0
6076,219704.0
11899,219704.0
16987,219704.0
18023,219704.0
3774,219704.0
6848,219704.0
8283,219704.0
18868,219704.0
16132,219704.0
9358,219704.0
10515,219704.0
536,219704.0
2533,219704.0
8756,219704.0
8468,219704.0
19165,219704.0
2818,219704.0
15919,219704.0
12633,219704.0
9901,219704.0
3422,219704.0
17028,219704.0
16513,219704.0
8666,219704.0
13659,219704.0
19319,219704.0
5897,219704.0
13079,219704.0
4884,219704.0
11678,219704.0
3708,219704.0
17810,219704.0
12258,219704.0
11047,219704.0
6014,219704.0
516,219704.0
13560,219704.0
17168,219704.0
18286,219704.0
2058,219704.0
2542,219704.0
19016,219704.0
7302,219704.0
19732,219704.0
12284,219704.0
6820,219704.0
17953,219704.0
17263,219704.0
4713,219704.0
12816,219704.0
13464,219704.0
1223,219704.0
13706,219704.0
9512,219704.0
14862,219704.0
12056,219704.0
3783,219704.0
4793,219704.0
4205,219704.0
8823,219704.0
14191,219704.0
15643,219704.0
9554,219704.0
12239,219704.0
2786,219704.0
15274,219704.0
537,219704.0
13445,219704.0
2634,219704.0
17840,219704.0
12118,219704.0
12312,219704.0
2052,219704.0
6709,219704.0
16546,219704.0
12124,219704.0
923,219704.0
4148,219704.0
7264,219704.0
15214,219704.0
18504,219704.0
9475,219704.0
12432,219704.0
18524,219704.0
18255,219704.0
8654,219704.0
5876,219704.0
4055,219704.0
3906,219704.0
4875,219704.0
1773,219704.0
5520,219704.0
14021,219704.0
2216,219704.0
16529,219704.0
18553,219704.0
18753,219704.0
5548,219704.0
9435,219704.0
17907,219704.0
2808,219704.0
11816,219704.0
9060,219704.0
5775,219704.0
17694,219704.0
3976,219704.0
17781,219704.0
8893,219704.0
5116,219704.0
13033,219704.0
17649,219704.0
16358,219704.0
17172,219704.0
3140,219704.0
19312,219704.0
1188,219704.0
13244,219704.0
2458,219704.0
17483,219704.0
14793,219704.0
2279,219704.0
7675,219704.0
7409,219704.0
19974,219704.0
15518,219704.0
15473,219704.0
16214,219704.0
17398,219704.0
1391,219704.0
18026,219704.0
16381,219704.0
5905,219704.0
18424,219704.0
16578,219704.0
2315,219704.0
3303,219704.0
5633,219704.0
14610,219704.0
4749,219704.0
12238,219704.0
16125,219704.0
1374,219704.0
17058,219704.0
16495,219704.0
16340,219704.0
13974,219704.0
16180,219704.0
19733,219704.0
10112,219704.0
16557,219704.0
12028,219704.0
18047,219704.0
12496,219704.0
11661,219704.0
12783,219704.0
7065,219704.0
19005,219704.0
15781,219704.0
13208,219704.0
14926,219704.0
19730,219704.0
19067,219704.0
321,219704.0
19587,219704.0
1721,219704.0
5511,219704.0
8899,219704.0
17717,219704.0
897,219704.0
14045,219704.0
1404,219704.0
8999,219704.0
8036,219704.0
9388,219704.0
1180,219704.0
8958,219704.0
6065,219704.0
9479,219704.0
5873,219704.0
8796,219704.0
8601,219704.0
18825,219704.0
5933,219704.0
6462,219704.0
16286,219704.0
14994,219704.0
15364,219704.0
9427,219704.0
8115,219704.0
15421,219704.0
11865,219704.0
13162,219704.0
8185,219704.0
18432,219704.0
6564,219704.0
17979,219704.0
14379,219704.0
1158,219704.0
8493,219704.0
7967,219704.0
8761,219704.0
5813,219704.0
6104,219704.0
3469,219704.0
16073,219704.0
11942,219704.0
12303,219704.0
8607,219704.0
19370,219704.0
11871,219704.0
10737,219704.0
782,219704.0
14214,219704.0
14248,219704.0
17,219704.0
1358,219704.0
2858,219704.0
6727,219704.0
18860,219704.0
12474,219704.0
13172,219704.0
11993,219704.0
9841,219704.0
18116,219704.0
7050,219704.0
849,219704.0
9622,219704.0
13661,219704.0
8308,219704.0
5053,219704.0
732,219704.0
13818,219704.0
17792,219704.0
3602,219704.0
16332,219704.0
16785,219704.0
7752,219704.0
12761,219704.0
12475,219704.0
5724,219704.0
3924,219704.0
16200,219704.0
14987,219704.0
3923,219704.0
5468,219704.0
6386,219704.0
10497,219704.0
4901,219704.0
1410,219704.0
1957,219704.0
1159,219704.0
12822,219704.0
15586,219704.0
16948,219704.0
15156,219704.0
15582,219704.0
4754,219704.0
15571,219704.0
3898,219704.0
19171,219704.0
13211,219704.0
943,219704.0
16015,219704.0
5706,219704.0
8059,219704.0
7404,219704.0
15613,219704.0
4797,219704.0
619,219704.0
15075,219704.0
6951,219704.0
9505,219704.0
9471,219704.0
16889,219704.0
6251,219704.0
10677,219704.0
4287,219704.0
4317,219704.0
6195,219704.0
19473,219704.0
5682,219704.0
9687,219704.0
18261,219704.0
16860,219704.0
9249,219704.0
18523,219704.0
7325,219704.0
6844,219704.0
6549,219704.0
11540,219704.0
19906,219704.0
7586,219704.0
11119,219704.0
7018,219704.0
16966,219704.0
11528,219704.0
13920,219704.0
8420,219704.0
9751,219704.0
13013,219704.0
17787,219704.0
9699,219704.0
8149,219704.0
18519,219704.0
10369,219704.0
19200,219704.0
17917,219704.0
7400,219704.0
17218,219704.0
17488,219704.0
7069,219704.0
6049,219704.0
2343,219704.0
159,219704.0
568,219704.0
14913,219704.0
6902,219704.0
374,219704.0
15207,219704.0
15291,219704.0
18535,219704.0
19593,219704.0
9270,219704.0
2335,219704.0
1701,219704.0
14703,219704.0
1083,219704.0
11843,219704.0
16175,219704.0
16971,219704.0
19680,219704.0
11522,219704.0
14250,219704.0
9786,219704.0
5886,219704.0
18598,219704.0
19194,219704.0
17798,219704.0
7941,219704.0
12639,219704.0
16805,219704.0
3225,219704.0
10870,219704.0
5562,219704.0
15204,219704.0
15020,219704.0
1970,219704.0
4349,219704.0
13870,219704.0
15455,219704.0
11727,219704.0
18604,219704.0
7373,219704.0
2310,219704.0
9764,219704.0
7747,219704.0
6520,219704.0
7697,219704.0
15573,219704.0
19192,219704.0
17984,219704.0
14285,219704.0
2908,219704.0
12662,219704.0
2671,219704.0
8526,219704.0
2787,219704.0
10472,219704.0
7305,219704.0
1756,219704.0
4850,219704.0
19399,219704.0
15163,219704.0
5285,219704.0
5430,219704.0
9400,219704.0
19679,219704.0
5606,219704.0
18671,219704.0
18548,219704.0
9459,219704.0
4881,219704.0
17929,219704.0
18640,219704.0
3831,219704.0
6063,219704.0
8663,219704.0
1201,219704.0
8935,219704.0
19612,219704.0
12208,219704.0
11421,219704.0
18659,219704.0
12027,219704.0
8460,219704.0
1549,219704.0
14354,219704.0
18127,219704.0
18582,219704.0
15964,219704.0
16184,219704.0
15115,219704.0
11431,219704.0
14205,219704.0
17888,219704.0
19384,219704.0
13780,219704.0
8196,219704.0
11174,219704.0
8470,219704.0
19975,219704.0
11270,219704.0
9365,219704.0
3421,219704.0
8140,219704.0
18211,219704.0
4722,219704.0
10017,219704.0
15132,219704.0
6901,219704.0
5691,219704.0
5573,219704.0
7435,219704.0
12152,219704.0
7341,219704.0
18994,219704.0
14584,219704.0
8809,219704.0
580,219704.0
6747,219704.0
14369,219704.0
10555,219704.0
6115,219704.0
14575,219704.0
18533,219704.0
19227,219704.0
746,219704.0
3022,219704.0
12628,219704.0
9754,219704.0
10054,219704.0
8368,219704.0
3812,219704.0
2453,219704.0
5232,219704.0
19645,219704.0
6028,219704.0
4332,219704.0
17532,219704.0
6678,219704.0
19505,219704.0
14775,219704.0
18952,219704.0
14218,219704.0
6001,219704.0
13700,219704.0
1453,219704.0
6235,219704.0
7071,219704.0
19984,219704.0
17924,219704.0
12845,219704.0
4628,219704.0
945,219704.0
14157,219704.0
13618,219704.0
16658,219704.0
5300,219704.0
12449,219704.0
13783,219704.0
9980,219704.0
16845,219704.0
2862,219704.0
3350,219704.0
17429,219704.0
1895,219704.0
11101,219704.0
3963,219704.0
1133,219704.0
13673,219704.0
13489,219704.0
13865,219704.0
15786,219704.0
3985,219704.0
11998,219704.0
10739,219704.0
4702,219704.0
7499,219704.0
8550,219704.0
4776,219704.0
13317,219704.0
2184,219704.0
807,219704.0
7099,219704.0
8973,219704.0
9369,219704.0
16823,219704.0
11525,219704.0
10986,219704.0
2434,219704.0
3108,219704.0
18217,219704.0
10631,219704.0
9141,219704.0
7760,219704.0
10905,219704.0
5890,219704.0
11294,219704.0
19332,219704.0
5426,219704.0
17785,219704.0
11420,219704.0
3049,219704.0
12632,219704.0
19246,219704.0
13271,219704.0
17803,219704.0
17126,219704.0
8698,219704.0
5996,219704.0
11892,219704.0
15263,219704.0
5210,219704.0
12905,219704.0
19208,219704.0
5599,219704.0
13512,219704.0
19511,219704.0
16281,219704.0
2142,219704.0
11034,219704.0
19121,219704.0
7803,219704.0
2236,219704.0
8589,219704.0
14052,219704.0
10440,219704.0
17316,219704.0
1123,219704.0
8102,219704.0
15355,219704.0
252,219704.0
8193,219704.0
15147,219704.0
13263,219704.0
8385,219704.0
13425,219704.0
19762,219704.0
12939,219704.0
16290,219704.0
31,219704.0
14664,219704.0
11006,219704.0
7303,219704.0
2135,219704.0
7946,219704.0
19020,219704.0
977,219704.0
1281,219704.0
6100,219704.0
13110,219704.0
644,219704.0
17424,219704.0
16563,219704.0
17516,219704.0
11881,219704.0
13520,219704.0
15120,219704.0
13448,219704.0
5828,219704.0
8383,219704.0
12324,219704.0
11737,219704.0
3534,219704.0
16464,219704.0
19863,219704.0
16289,219704.0
3396,219704.0
1950,219704.0
18910,219704.0
9694,219704.0
15347,219704.0
13653,219704.0
19422,219704.0
2442,219704.0
3042,219704.0
574,219704.0
1237,219704.0
9161,219704.0
11362,219704.0
174,219704.0
10512,219704.0
2361,219704.0
19553,219704.0
16088,219704.0
15758,219704.0
2754,219704.0
2164,219704.0
622,219704.0
19967,219704.0
14744,219704.0
18723,219704.0
17460,219704.0
5411,219704.0
7708,219704.0
10158,219704.0
7759,219704.0
11960,219704.0
7229,219704.0
17596,219704.0
17875,219704.0
3193,219704.0
1239,219704.0
2446,219704.0
13521,219704.0
1873,219704.0
3300,219704.0
2980,219704.0
2239,219704.0
17467,219704.0
4016,219704.0
18399,219704.0
4460,219704.0
9114,219704.0
5470,219704.0
14819,219704.0
15637,219704.0
4826,219704.0
2021,219704.0
13241,219704.0
13564,219704.0
13724,219704.0
4458,219704.0
3781,219704.0
5570,219704.0
13787,219704.0
16463,219704.0
14589,219704.0
9012,219704.0
7054,219704.0
13281,219704.0
5955,219704.0
11606,219704.0
10045,219704.0
10521,219704.0
5163,219704.0
18356,219704.0
62,219704.0
5702,219704.0
5556,219704.0
5060,219704.0
3987,219704.0
11,219704.0
15148,219704.0
10749,219704.0
8760,219704.0
16457,219704.0
17332,219704.0
7314,219704.0
2484,219704.0
5780,219704.0
13994,219704.0
9190,219704.0
8913,219704.0
2123,219704.0
17169,219704.0
1069,219704.0
19507,219704.0
2517,219704.0
13535,219704.0
11135,219704.0
2158,219704.0
77,219704.0
19243,219704.0
288,219704.0
138,219704.0
490,219704.0
17789,219704.0
12597,219704.0
4387,219704.0
15690,219704.0
11761,219704.0
19177,219704.0
17493,219704.0
17195,219704.0
8002,219704.0
12954,219704.0
7883,219704.0
17414,219704.0
11630,219704.0
11057,219704.0
14179,219704.0
9598,219704.0
4225,219704.0
14235,219704.0
17043,219704.0
18510,219704.0
16974,219704.0
170,219704.0
7860,219704.0
1205,219704.0
16029,219704.0
662,219704.0
10373,219704.0
6365,219704.0
11052,219704.0
3485,219704.0
19396,219704.0
8856,219704.0
4947,219704.0
8748,219704.0
2376,219704.0
2160,219704.0
1259,219704.0
12708,219704.0
14444,219704.0
7220,219704.0
16249,219704.0
15971,219704.0
3519,219704.0
17689,219704.0
12829,219704.0
11243,219704.0
12096,219704.0
19490,219704.0
6408,219704.0
9079,219704.0
8404,219704.0
1013,219704.0
9524,219704.0
12217,219704.0
6216,219704.0
15978,219704.0
9872,219704.0
599,219704.0
19178,219704.0
2679,219704.0
7312,219704.0
11853,219704.0
1607,219704.0
6847,219704.0
4110,219704.0
9315,219704.0
10507,219704.0
16151,219704.0
6162,219704.0
11432,219704.0
10315,219704.0
15575,219704.0
2349,219704.0
1739,219704.0
9520,219704.0
8270,219704.0
15122,219704.0
8222,219704.0
3691,219704.0
1186,219704.0
7007,219704.0
8315,219704.0
16816,219704.0
6865,219704.0
9174,219704.0
7422,219704.0
13715,219704.0
13242,219704.0
7813,219704.0
16683,219704.0
8378,219704.0
9230,219704.0
7830,219704.0
12011,219704.0
6022,219704.0
715,219704.0
6240,219704.0
18022,219704.0
17426,219704.0
18633,219704.0
8442,219704.0
1516,219704.0
8055,219704.0
13157,219704.0
529,219704.0
13500,219704.0
2981,219704.0
8825,219704.0
14190,219704.0
14875,219704.0
15297,219704.0
17006,219704.0
17499,219704.0
15495,219704.0
56,219704.0
10951,219704.0
17807,219704.0
12327,219704.0
13227,219704.0
10921,219704.0
1100,219704.0
14949,219704.0
19898,219704.0
16164,219704.0
373,219704.0
9027,219704.0
834,219704.0
14367,219704.0
19278,219704.0
7936,219704.0
3026,219704.0
14112,219704.0
6450,219704.0
441,219704.0
7767,219704.0
16168,219704.0
1440,219704.0
1282,219704.0
10033,219704.0
8819,219704.0
5963,219704.0
798,219704.0
4718,219704.0
14497,219704.0
9652,219704.0
9132,219704.0
4255,219704.0
18162,219704.0
13810,219704.0
16323,219704.0
19556,219704.0
566,219704.0
16490,219704.0
15807,219704.0
14560,219704.0
12970,219704.0
13554,219704.0
9864,219704.0
3399,219704.0
17702,219704.0
6208,219704.0
7496,219704.0
2443,219704.0
14969,219704.0
15416,219704.0
18618,219704.0
6392,219704.0
19484,219704.0
2305,219704.0
13456,219704.0
4569,219704.0
2318,219704.0
3406,219704.0
16307,219704.0
14333,219704.0
15242,219704.0
928,219704.0
7814,219704.0
5705,219704.0
16573,219704.0
8952,219704.0
18290,219704.0
14933,219704.0
3499,219704.0
12827,219704.0
9916,219704.0
9384,219704.0
7470,219704.0
4086,219704.0
16768,219704.0
13772,219704.0
5374,219704.0
16297,219704.0
9069,219704.0
6970,219704.0
6437,219704.0
13631,219704.0
13217,219704.0
9103,219704.0
19695,219704.0
16906,219704.0
18495,219704.0
7785,219704.0
13385,219704.0
18511,219704.0
10036,219704.0
962,219704.0
15428,219704.0
19723,219704.0
19344,219704.0
11756,219704.0
9284,219704.0
10728,219704.0
7640,219704.0
19339,219704.0
17619,219704.0
12273,219704.0
11908,219704.0
824,219704.0
19383,219704.0
8367,219704.0
4259,219704.0
13719,219704.0
13517,219704.0
15578,219704.0
13086,219704.0
5722,219704.0
980,219704.0
15870,219704.0
13179,219704.0
11210,219704.0
11599,219704.0
7801,219704.0
176,219704.0
9106,219704.0
2383,219704.0
10401,219704.0
8565,219704.0
473,219704.0
19872,219704.0
13930,219704.0
3742,219704.0
17223,219704.0
3075,219704.0
4190,219704.0
7507,219704.0
6039,219704.0
6158,219704.0
12371,219704.0
661,219704.0
15126,219704.0
14443,219704.0
2311,219704.0
12850,219704.0
14700,219704.0
4116,219704.0
12524,219704.0
1844,219704.0
12975,219704.0
9838,219704.0
7846,219704.0
2137,219704.0
6688,219704.0
14620,219704.0
1858,219704.0
17384,219704.0
7080,219704.0
12052,219704.0
2297,219704.0
6302,219704.0
3245,219704.0
13135,219704.0
17044,219704.0
19997,219704.0
1724,219704.0
16565,219704.0
11409,219704.0
9426,219704.0
2931,219704.0
6329,219704.0
18001,219704.0
7540,219704.0
17914,219704.0
15125,219704.0
12231,219704.0
18930,219704.0
16341,219704.0
3638,219704.0
9361,219704.0
1600,219704.0
13613,219704.0
10406,219704.0
5575,219704.0
18036,219704.0
8206,219704.0
13053,219704.0
13260,219704.0
19512,219704.0
256,219704.0
18672,219704.0
14985,219704.0
10632,219704.0
17584,219704.0
17399,219704.0
5103,219704.0
13906,219704.0
17677,219704.0
17305,219704.0
6489,219704.0
12689,219704.0
376,219704.0
16396,219704.0
1560,219704.0
13475,219704.0
6072,219704.0
11799,219704.0
886,219704.0
1629,219704.0
704,219704.0
196,219704.0
10931,219704.0
19098,219704.0
11004,219704.0
16558,219704.0
637,219704.0
10317,219704.0
15869,219704.0
3759,219704.0
13988,219704.0
8393,219704.0
11051,219704.0
10827,219704.0
7888,219704.0
19681,219704.0
686,219704.0
10989,219704.0
13850,219704.0
5012,219704.0
3052,219704.0
1331,219704.0
7267,219704.0
13450,219704.0
8976,219704.0
2292,219704.0
10216,219704.0
16553,219704.0
12182,219704.0
16615,219704.0
10598,219704.0
1347,219704.0
3681,219704.0
16244,219704.0
14061,219704.0
13542,219704.0
961,219704.0
17328,219704.0
14012,219704.0
11288,219704.0
210,219704.0
4031,219704.0
4244,219704.0
17805,219704.0
6409,219704.0
387,219704.0
14348,219704.0
10689,219704.0
1061,219704.0
9577,219704.0
9905,219704.0
14647,219704.0
6707,219704.0
11664,219704.0
586,219704.0
8377,219704.0
8398,219704.0
19245,219704.0
14308,219704.0
3573,219704.0
3657,219704.0
18428,219704.0
7440,219704.0
16503,219704.0
15060,219704.0
11798,219704.0
7336,219704.0
7542,219704.0
185,219704.0
7238,219704.0
2559,219704.0
18502,219704.0
10492,219704.0
9793,219704.0
7181,219704.0
4163,219704.0
1781,219704.0
6881,219704.0
15368,219704.0
15252,219704.0
9806,219704.0
15110,219704.0
14392,219704.0
6554,219704.0
12330,219704.0
19366,219704.0
3616,219704.0
19430,219704.0
14831,219704.0
670,219704.0
16679,219704.0
17509,219704.0
6002,219704.0
18137,219704.0
12047,219704.0
10100,219704.0
6374,219704.0
2990,219704.0
3186,219704.0
8179,219704.0
16262,219704.0
16905,219704.0
12000,219704.0
1832,219704.0
6883,219704.0
17646,219704.0
2427,219704.0
2932,219704.0
12563,219704.0
17886,219704.0
10452,219704.0
3646,219704.0
5011,219704.0
14445,219704.0
8563,219704.0
6069,219704.0
14911,219704.0
12589,219704.0
12349,219704.0
2551,219704.0
15757,219704.0
7012,219704.0
7179,219704.0
11231,219704.0
3810,219704.0
803,219704.0
15657,219704.0
7957,219704.0
19815,219704.0
5947,219704.0
4434,219704.0
6309,219704.0
17543,219704.0
19350,219704.0
12876,219704.0
3476,219704.0
19029,219704.0
7915,219704.0
10609,219704.0
12020,219704.0
3800,219704.0
2234,219704.0
15928,219704.0
8237,219704.0
6843,219704.0
7176,219704.0
16433,219704.0
1294,219704.0
9532,219704.0
5197,219704.0
12235,219704.0
15399,219704.0
4978,219704.0
1547,219704.0
169,219704.0
9169,219704.0
16377,219704.0
12282,219704.0
10869,219704.0
9649,219704.0
2615,219704.0
18815,219704.0
2613,219704.0
395,219704.0
17231,219704.0
10566,219704.0
15549,219704.0
4252,219704.0
12531,219704.0
4566,219704.0
10981,219704.0
7057,219704.0
1292,219704.0
3143,219704.0
9039,219704.0
8652,219704.0
6447,219704.0
10664,219704.0
3095,219704.0
19859,219704.0
10355,219704.0
12973,219704.0
748,219704.0
17344,219704.0
2978,219704.0
5549,219704.0
16872,219704.0
14320,219704.0
6586,219704.0
2663,219704.0
11219,219704.0
443,219704.0
18630,219704.0
14298,219704.0
14516,219704.0
6297,219704.0
18041,219704.0
13207,219704.0
11855,219704.0
7623,219704.0
4329,219704.0
14919,219704.0
16046,219704.0
19980,219704.0
3465,219704.0
3766,219704.0
9748,219704.0
998,219704.0
15171,219704.0
831,219704.0
9803,219704.0
5884,219704.0
4354,219704.0
9418,219704.0
10926,219704.0
9845,219704.0
15376,219704.0
1760,219704.0
12336,219704.0
7642,219704.0
10649,219704.0
4137,219704.0
8584,219704.0
111,219704.0
7399,219704.0
4133,219704.0
2989,219704.0
17643,219704.0
16789,219704.0
12760,219704.0
10491,219704.0
5021,219704.0
18917,219704.0
19784,219704.0
9732,219704.0
2063,219704.0
11256,219704.0
9543,219704.0
5797,219704.0
19965,219704.0
9758,219704.0
17967,219704.0
4543,219704.0
11115,219704.0
16483,219704.0
8753,219704.0
11388,219704.0
15833,219704.0
858,219704.0
17312,219704.0
12626,219704.0
12578,219704.0
1886,219704.0
12240,219704.0
4905,219704.0
1748,219704.0
7871,219704.0
4446,219704.0
9066,219704.0
7030,219704.0
6677,219704.0
13041,219704.0
9739,219704.0
18,219704.0
16280,219704.0
18178,219704.0
15278,219704.0
9198,219704.0
8290,219704.0
14789,219704.0
5200,219704.0
2119,219704.0
19329,219704.0
13896,219704.0
16471,219704.0
10189,219704.0
1349,219704.0
955,219704.0
1555,219704.0
11470,219704.0
5637,219704.0
6527,219704.0
12549,219704.0
5923,219704.0
15878,219704.0
16978,219704.0
1565,219704.0
13713,219704.0
7694,219704.0
1687,219704.0
5118,219704.0
12979,219704.0
13939,219704.0
6293,219704.0
15226,219704.0
10958,219704.0
5168,219704.0
17046,219704.0
3383,219704.0
4262,219704.0
19743,219704.0
11244,219704.0
4920,219704.0
11624,219704.0
3763,219704.0
19070,219704.0
4467,219704.0
18006,219704.0
19934,219704.0
9721,219704.0
16347,219704.0
9144,219704.0
12427,219704.0
3239,219704.0
6779,219704.0
9665,219704.0
2266,219704.0
16173,219704.0
14359,219704.0
1818,219704.0
10899,219704.0
13187,219704.0
4771,219704.0
9363,219704.0
9450,219704.0
18354,219704.0
18734,219704.0
10641,219704.0
7806,219704.0
19522,219704.0
12738,219704.0
12167,219704.0
7905,219704.0
14090,219704.0
10679,219704.0
19870,219704.0
13686,219704.0
3986,219704.0
9159,219704.0
15510,219704.0
16406,219704.0
17322,219704.0
7447,219704.0
1122,219704.0
12068,219704.0
3832,219704.0
3728,219704.0
9466,219704.0
1326,219704.0
3122,219704.0
15650,219704.0
9768,219704.0
19913,219704.0
6012,219704.0
8435,219704.0
9596,219704.0
10366,219704.0
10464,219704.0
17835,219704.0
8269,219704.0
11108,219704.0
8930,219704.0
2094,219704.0
2486,219704.0
13293,219704.0
1093,219704.0
9398,219704.0
13967,219704.0
15174,219704.0
15008,219704.0
3084,219704.0
18636,219704.0
8638,219704.0
16044,219704.0
423,219704.0
12268,219704.0
3754,219704.0
11690,219704.0
1363,219704.0
5802,219704.0
14406,219704.0
15300,219704.0
18621,219704.0
15137,219704.0
4774,219704.0
18374,219704.0
17354,219704.0
17261,219704.0
7217,219704.0
1026,219704.0
15892,219704.0
13238,219704.0
55,219704.0
7478,219704.0
6530,219704.0
12867,219704.0
15960,219704.0
15232,219704.0
10772,219704.0
452,219704.0
17089,219704.0
10031,219704.0
8786,219704.0
1372,219704.0
6006,219704.0
13200,219704.0
887,219704.0
5623,219704.0
11474,219704.0
10358,219704.0
1811,219704.0
9478,219704.0
9976,219704.0
17268,219704.0
15738,219704.0
14253,219704.0
12325,219704.0
7405,219704.0
3488,219704.0
7152,219704.0
5870,219704.0
2192,219704.0
18430,219704.0
13491,219704.0
9025,219704.0
9924,219704.0
18336,219704.0
9817,219704.0
1403,219704.0
16465,219704.0
17682,219704.0
3799,219704.0
1252,219704.0
11923,219704.0
18364,219704.0
5915,219704.0
11268,219704.0
3977,219704.0
17271,219704.0
3230,219704.0
6136,219704.0
3017,219704.0
9113,219704.0
8933,219704.0
19884,219704.0
3706,219704.0
16633,219704.0
1458,219704.0
11061,219704.0
2730,219704.0
16773,219704.0
243,219704.0
14867,219704.0
10008,219704.0
10637,219704.0
18845,219704.0
7894,219704.0
8363,219704.0
13402,219704.0
268,219704.0
17755,219704.0
12960,219704.0
19697,219704.0
4512,219704.0
11103,219704.0
13726,219704.0
3100,219704.0
5148,219704.0
7769,219704.0
9573,219704.0
2044,219704.0
0,219704.0
16264,219704.0
10757,219704.0
3913,219704.0
15385,219704.0
13387,219704.0
18408,219704.0
15010,219704.0
7930,219704.0
7142,219704.0
18892,219704.0
17808,219704.0
16110,219704.0
18327,219704.0
17763,219704.0
19013,219704.0
10638,219704.0
6481,219704.0
1009,219704.0
19083,219704.0
8832,219704.0
4823,219704.0
7920,219704.0
260,219704.0
19272,219704.0
7635,219704.0
17990,219704.0
15209,219704.0
14737,219704.0
15150,219704.0
10789,219704.0
9064,219704.0
3481,219704.0
17003,219704.0
16646,219704.0
17385,219704.0
14780,219704.0
15254,219704.0
10646,219704.0
14159,219704.0
7658,219704.0
12116,219704.0
929,219704.0
8769,219704.0
10423,219704.0
654,219704.0
9789,219704.0
11148,219704.0
18038,219704.0
19674,219704.0
8471,219704.0
7461,219704.0
3567,219704.0
6622,219704.0
16045,219704.0
3217,219704.0
13136,219704.0
13950,219704.0
156,219704.0
18714,219704.0
1919,219704.0
8275,219704.0
3860,219704.0
17075,219704.0
10083,219704.0
8256,219704.0
13049,219704.0
1000,219704.0
5202,219704.0
11531,219704.0
3460,219704.0
3240,219704.0
2371,219704.0
19021,219704.0
106,219704.0
8182,219704.0
11419,219704.0
3009,219704.0
7897,219704.0
18720,219704.0
16916,219704.0
1972,219704.0
2087,219704.0
16397,219704.0
127,219704.0
581,219704.0
4963,219704.0
1633,219704.0
11214,219704.0
5622,219704.0
7550,219704.0
9320,219704.0
1952,219704.0
13078,219704.0
8970,219704.0
17321,219704.0
4624,219704.0
15143,219704.0
4557,219704.0
18256,219704.0
2831,219704.0
233,219704.0
8310,219704.0
12418,219704.0
19950,219704.0
17557,219704.0
13592,219704.0
7810,219704.0
18687,219704.0
15183,219704.0
5811,219704.0
5109,219704.0
19799,219704.0
12704,219704.0
6635,219704.0
771,219704.0
11503,219704.0
15655,219704.0
18941,219704.0
14255,219704.0
18574,219704.0
4279,219704.0
19769,219704.0
9970,219704.0
12903,219704.0
8888,219704.0
14260,219704.0
9458,219704.0
13665,219704.0
10467,219704.0
6716,219704.0
8163,219704.0
5960,219704.0
8788,219704.0
15348,219704.0
1114,219704.0
15502,219704.0
1927,219704.0
17159,219704.0
15846,219704.0
8490,219704.0
10443,219704.0
14870,219704.0
13150,219704.0
7230,219704.0
3310,219704.0
1231,219704.0
6939,219704.0
6851,219704.0
3522,219704.0
5492,219704.0
8027,219704.0
4207,219704.0
11469,219704.0
904,219704.0
17502,219704.0
4815,219704.0
5174,219704.0
9955,219704.0
14311,219704.0
9633,219704.0
17957,219704.0
7855,219704.0
13259,219704.0
7582,219704.0
19033,219704.0
9933,219704.0
11305,219704.0
5634,219704.0
7885,219704.0
16746,219704.0
18805,219704.0
7149,219704.0
12075,219704.0
2751,219704.0
11442,219704.0
5720,219704.0
331,219704.0
7038,219704.0
11789,219704.0
9100,219704.0
4019,219704.0
1147,219704.0
19466,219704.0
14628,219704.0
4479,219704.0
17200,219704.0
2270,219704.0
10744,219704.0
13643,219704.0
7294,219704.0
9416,219704.0
2476,219704.0
494,219704.0
14507,219704.0
14691,219704.0
11254,219704.0
16685,219704.0
19826,219704.0
14170,219704.0
6280,219704.0
13753,219704.0
19501,219704.0
890,219704.0
5864,219704.0
9535,219704.0
278,219704.0
4306,219704.0
11427,219704.0
6153,219704.0
3067,219704.0
15273,219704.0
8567,219704.0
2046,219704.0
10785,219704.0
6118,219704.0
15417,219704.0
14642,219704.0
18857,219704.0
193,219704.0
9042,219704.0
1827,219704.0
10314,219704.0
15714,219704.0
3947,219704.0
551,219704.0
15621,219704.0
12076,219704.0
2470,219704.0
19173,219704.0
8384,219704.0
5877,219704.0
4651,219704.0
11750,219704.0
8486,219704.0
2333,219704.0
10441,219704.0
1730,219704.0
16003,219704.0
14395,219704.0
6887,219704.0
763,219704.0
692,219704.0
114,219704.0
933,219704.0
5443,219704.0
8738,219704.0
1768,219704.0
19562,219704.0
6620,219704.0
8015,219704.0
4555,219704.0
3861,219704.0
12824,219704.0
6221,219704.0
18149,219704.0
14668,219704.0
12601,219704.0
8100,219704.0
1550,219704.0
18304,219704.0
1178,219704.0
19429,219704.0
4430,219704.0
17286,219704.0
5332,219704.0
2731,219704.0
12916,219704.0
14899,219704.0
17919,219704.0
4015,219704.0
900,219704.0
380,219704.0
13196,219704.0
15793,219704.0
365,219704.0
18268,219704.0
7789,219704.0
18725,219704.0
91,219704.0
12265,219704.0
17867,219704.0
16447,219704.0
16154,219704.0
14551,219704.0
6483,219704.0
19290,219704.0
17359,219704.0
10469,219704.0
12362,219704.0
3120,219704.0
8402,219704.0
13439,219704.0
16645,219704.0
19052,219704.0
526,219704.0
8664,219704.0
10771,219704.0
9228,219704.0
6957,219704.0
8450,219704.0
19213,219704.0
13007,219704.0
2109,219704.0
6947,219704.0
5326,219704.0
6606,219704.0
11026,219704.0
17960,219704.0
4755,219704.0
18989,219704.0
14748,219704.0
15630,219704.0
14796,219704.0
10630,219704.0
2712,219704.0
3457,219704.0
17293,219704.0
17239,219704.0
14213,219704.0
19686,219704.0
3416,219704.0
19432,219704.0
11382,219704.0
15720,219704.0
15843,219704.0
14249,219704.0
12595,219704.0
1762,219704.0
9022,219704.0
7664,219704.0
11787,219704.0
19077,219704.0
6434,219704.0
14039,219704.0
247,219704.0
14053,219704.0
8065,219704.0
6870,219704.0
2883,219704.0
14415,219704.0
9087,219704.0
11813,219704.0
8774,219704.0
3215,219704.0
9013,219704.0
2153,219704.0
17259,219704.0
1065,219704.0
9961,219704.0
8170,219704.0
1012,219704.0
16368,219704.0
6313,219704.0
13973,219704.0
14485,219704.0
18118,219704.0
10015,219704.0
12529,219704.0
8557,219704.0
9618,219704.0
1377,219704.0
15848,219704.0
14886,219704.0
7031,219704.0
4879,219704.0
16579,219704.0
18074,219704.0
2604,219704.0
4956,219704.0
277,219704.0
2045,219704.0
6103,219704.0
5481,219704.0
13248,219704.0
7490,219704.0
7863,219704.0
9624,219704.0
676,219704.0
573,219704.0
13432,219704.0
7190,219704.0
7479,219704.0
2536,219704.0
11674,219704.0
14175,219704.0
12943,219704.0
2688,219704.0
4371,219704.0
5136,219704.0
2557,219704.0
15176,219704.0
5063,219704.0
8489,219704.0
11398,219704.0
3195,219704.0
14853,219704.0
15910,219704.0
13032,219704.0
2057,219704.0
18405,219704.0
17770,219704.0
4725,219704.0
11439,219704.0
19785,219704.0
1428,219704.0
11692,219704.0
13583,219704.0
11572,219704.0
14134,219704.0
3689,219704.0
12519,219704.0
9849,219704.0
13113,219704.0
5308,219704.0
6027,219704.0
2261,219704.0
18168,219704.0
13092,219704.0
12352,219704.0
4032,219704.0
19108,219704.0
3179,219704.0
15229,219704.0
13213,219704.0
15259,219704.0
2288,219704.0
18932,219704.0
5242,219704.0
6917,219704.0
13336,219704.0
5359,219704.0
9662,219704.0
4896,219704.0
4841,219704.0
1915,219704.0
10654,219704.0
15233,219704.0
135,219704.0
2590,219704.0
2465,219704.0
22,219704.0
12310,219704.0
17176,219704.0
9881,219704.0
1610,219704.0
9525,219704.0
3710,219704.0
14723,219704.0
9128,219704.0
1631,219704.0
7263,219704.0
9637,219704.0
12706,219704.0
14649,219704.0
1176,219704.0
4538,219704.0
2941,219704.0
2582,219704.0
14596,219704.0
7137,219704.0
1503,219704.0
102,219704.0
3452,219704.0
19871,219704.0
4762,219704.0
13638,219704.0
11583,219704.0
10309,219704.0
5607,219704.0
2713,219704.0
5753,219704.0
10460,219704.0
9157,219704.0
4108,219704.0
932,219704.0
8099,219704.0
4664,219704.0
10762,219704.0
11976,219704.0
646,219704.0
347,219704.0
5500,219704.0
17072,219704.0
896,219704.0
10858,219704.0
8394,219704.0
5077,219704.0
14339,219704.0
16007,219704.0
7189,219704.0
5041,219704.0
17364,219704.0
5550,219704.0
5321,219704.0
17833,219704.0
9446,219704.0
3041,219704.0
2140,219704.0
7487,219704.0
1777,219704.0
14878,219704.0
6516,219704.0
7974,219704.0
14022,219704.0
11403,219704.0
12067,219704.0
11167,219704.0
5975,219704.0
13485,219704.0
15557,219704.0
13298,219704.0
2965,219704.0
8046,219704.0
9245,219704.0
7270,219704.0
967,219704.0
14023,219704.0
8501,219704.0
11241,219704.0
3039,219704.0
18144,219704.0
11246,219704.0
10584,219704.0
16212,219704.0
4935,219704.0
18545,219704.0
18977,219704.0
14408,219704.0
6661,219704.0
8299,219704.0
8821,219704.0
11406,219704.0
1747,219704.0
5920,219704.0
2169,219704.0
16205,219704.0
15612,219704.0
8030,219704.0
15674,219704.0
7579,219704.0
10124,219704.0
13721,219704.0
15450,219704.0
13796,219704.0
6472,219704.0
7201,219704.0
76,219704.0
14940,219704.0
17212,219704.0
436,219704.0
4151,219704.0
9565,219704.0
14042,219704.0
6463,219704.0
12278,219704.0
8355,219704.0
13993,219704.0
13977,219704.0
14115,219704.0
19264,219704.0
11558,219704.0
15862,219704.0
18062,219704.0
8713,219704.0
2993,219704.0
18314,219704.0
15496,219704.0
9818,219704.0
7161,219704.0
13623,219704.0
5857,219704.0
13297,219704.0
7632,219704.0
10558,219704.0
14804,219704.0
9451,219704.0
13503,219704.0
15620,219704.0
18117,219704.0
108,219704.0
5708,219704.0
11105,219704.0
12457,219704.0
2081,219704.0
9068,219704.0
3155,219704.0
8730,219704.0
7439,219704.0
6122,219704.0
15188,219704.0
5297,219704.0
18782,219704.0
4442,219704.0
6510,219704.0
19978,219704.0
11077,219704.0
4840,219704.0
10319,219704.0
14678,219704.0
4593,219704.0
16291,219704.0
3891,219704.0
2867,219704.0
6558,219704.0
11437,219704.0
10270,219704.0
5805,219704.0
19234,219704.0
11587,219704.0
9120,219704.0
13958,219704.0
4212,219704.0
18210,219704.0
14463,219704.0
2241,219704.0
166,219704.0
3207,219704.0
19268,219704.0
8746,219704.0
6932,219704.0
13978,219704.0
1354,219704.0
5952,219704.0
12272,219704.0
15139,219704.0
14142,219704.0
15791,219704.0
5795,219704.0
17166,219704.0
17001,219704.0
2097,219704.0
14388,219704.0
8851,219704.0
12172,219704.0
17997,219704.0
15277,219704.0
4899,219704.0
11336,219704.0
1544,219704.0
9657,219704.0
14172,219704.0
19948,219704.0
7713,219704.0
3129,219704.0
3038,219704.0
4783,219704.0
8475,219704.0
12553,219704.0
5911,219704.0
4184,219704.0
17866,219704.0
3107,219704.0
10483,219704.0
1370,219704.0
13169,219704.0
1024,219704.0
12147,219704.0
10550,219704.0
15327,219704.0
3176,219704.0
11011,219704.0
14590,219704.0
16494,219704.0
7568,219704.0
1171,219704.0
7023,219704.0
4806,219704.0
7736,219704.0
8562,219704.0
9877,219704.0
6184,219704.0
17903,219704.0
3677,219704.0
12648,219704.0
18894,219704.0
19438,219704.0
164,219704.0
866,219704.0
810,219704.0
10370,219704.0
11954,219704.0
19564,219704.0
2255,219704.0
18539,219704.0
1219,219704.0
5040,219704.0
10840,219704.0
10706,219704.0
15003,219704.0
5688,219704.0
15446,219704.0
12409,219704.0
16989,219704.0
17165,219704.0
9723,219704.0
9888,219704.0
11533,219704.0
12141,219704.0
4971,219704.0
5458,219704.0
16322,219704.0
7656,219704.0
5460,219704.0
18981,219704.0
11884,219704.0
14096,219704.0
16952,219704.0
1433,219704.0
10579,219704.0
7667,219704.0
18974,219704.0
18476,219704.0
13131,219704.0
15692,219704.0
12582,219704.0
14017,219704.0
2131,219704.0
18996,219704.0
16549,219704.0
13128,219704.0
29,219704.0
10528,219704.0
5542,219704.0
17380,219704.0
13156,219704.0
10718,219704.0
10513,219704.0
2594,219704.0
16545,219704.0
209,219704.0
11302,219704.0
8987,219704.0
17658,219704.0
17610,219704.0
17127,219704.0
9635,219704.0
4873,219704.0
14558,219704.0
14423,219704.0
2071,219704.0
1908,219704.0
7273,219704.0
14357,219704.0
67,219704.0
1157,219704.0
4724,219704.0
10387,219704.0
6088,219704.0
8292,219704.0
10056,219704.0
12813,219704.0
16959,219704.0
835,219704.0
4443,219704.0
15358,219704.0
17506,219704.0
8572,219704.0
13647,219704.0
15832,219704.0
16198,219704.0
1795,219704.0
1379,219704.0
3935,219704.0
6872,219704.0
18126,219704.0
16148,219704.0
7059,219704.0
2092,219704.0
5477,219704.0
16283,219704.0
16777,219704.0
6818,219704.0
19085,219704.0
2309,219704.0
10465,219704.0
2157,219704.0
4837,219704.0
17925,219704.0
15912,219704.0
7378,219704.0
12422,219704.0
11410,219704.0
16426,219704.0
4247,219704.0
17098,219704.0
3357,219704.0
14823,219704.0
729,219704.0
468,219704.0
3983,219704.0
16359,219704.0
1436,219704.0
2143,219704.0
18872,219704.0
1010,219704.0
1455,219704.0
16491,219704.0
17737,219704.0
16955,219704.0
9314,219704.0
2929,219704.0
6192,219704.0
17991,219704.0
6722,219704.0
1967,219704.0
4014,219704.0
12216,219704.0
11982,219704.0
12057,219704.0
15863,219704.0
12503,219704.0
1177,219704.0
12920,219704.0
17427,219704.0
2660,219704.0
13009,219704.0
3614,219704.0
5454,219704.0
7076,219704.0
19530,219704.0
16268,219704.0
12963,219704.0
15608,219704.0
6414,219704.0
15388,219704.0
10212,219704.0
1003,219704.0
3036,219704.0
14135,219704.0
7226,219704.0
5262,219704.0
6923,219704.0
12922,219704.0
4450,219704.0
19281,219704.0
18180,219704.0
10777,219704.0
9214,219704.0
8174,219704.0
5760,219704.0
11445,219704.0
969,219704.0
14407,219704.0
3656,219704.0
8279,219704.0
7538,219704.0
16097,219704.0
9559,219704.0
14290,219704.0
7034,219704.0
10043,219704.0
6862,219704.0
17273,219704.0
15760,219704.0
8966,219704.0
14650,219704.0
19607,219704.0
19977,219704.0
958,219704.0
8469,219704.0
1346,219704.0
9511,219704.0
5383,219704.0
18897,219704.0
679,219704.0
16576,219704.0
19574,219704.0
752,219704.0
1390,219704.0
5429,219704.0
6829,219704.0
1261,219704.0
18083,219704.0
2215,219704.0
3121,219704.0
6476,219704.0
682,219704.0
5743,219704.0
14417,219704.0
11947,219704.0
12804,219704.0
8701,219704.0
12812,219704.0
18335,219704.0
2891,219704.0
13685,219704.0
1517,219704.0
628,219704.0
5519,219704.0
19046,219704.0
9688,219704.0
2774,219704.0
14906,219704.0
8057,219704.0
12321,219704.0
1330,219704.0
1495,219704.0
10806,219704.0
19818,219704.0
2102,219704.0
11130,219704.0
17699,219704.0
7613,219704.0
16717,219704.0
17863,219704.0
6994,219704.0
13071,219704.0
14299,219704.0
16266,219704.0
6253,219704.0
10457,219704.0
17899,219704.0
12248,219704.0
10826,219704.0
6580,219704.0
11597,219704.0
14358,219704.0
15652,219704.0
19286,219704.0
4919,219704.0
3600,219704.0
9344,219704.0
4131,219704.0
2242,219704.0
2225,219704.0
7668,219704.0
1264,219704.0
18899,219704.0
14429,219704.0
9403,219704.0
18741,219704.0
11208,219704.0
13170,219704.0
4535,219704.0
2296,219704.0
10065,219704.0
10868,219704.0
4765,219704.0
1944,219704.0
19220,219704.0
1674,219704.0
19549,219704.0
16208,219704.0
5645,219704.0
5943,219704.0
13039,219704.0
1424,219704.0
4415,219704.0
11010,219704.0
588,219704.0
9824,219704.0
9999,219704.0
12158,219704.0
17761,219704.0
9706,219704.0
2934,219704.0
1940,219704.0
837,219704.0
4622,219704.0
10829,219704.0
17314,219704.0
5866,219704.0
10603,219704.0
2755,219704.0
6877,219704.0
8453,219704.0
6962,219704.0
119,219704.0
398,219704.0
3409,219704.0
17047,219704.0
19304,219704.0
7265,219704.0
18279,219704.0
10908,219704.0
4931,219704.0
14452,219704.0
19988,219704.0
5844,219704.0
8230,219704.0
7221,219704.0
1814,219704.0
16728,219704.0
4801,219704.0
8482,219704.0
5719,219704.0
8141,219704.0
511,219704.0
18615,219704.0
1163,219704.0
2595,219704.0
147,219704.0
13268,219704.0
3787,219704.0
19634,219704.0
18303,219704.0
11435,219704.0
8088,219704.0
507,219704.0
13636,219704.0
1018,219704.0
2974,219704.0
7160,219704.0
16639,219704.0
12035,219704.0
7817,219704.0
6636,219704.0
10568,219704.0
10313,219704.0
16857,219704.0
14148,219704.0
11628,219704.0
19170,219704.0
3547,219704.0
14578,219704.0
1725,219704.0
5173,219704.0
3693,219704.0
2892,219704.0
13292,219704.0
13284,219704.0
6701,219704.0
3251,219704.0
1939,219704.0
6015,219704.0
7015,219704.0
9989,219704.0
19628,219704.0
16273,219704.0
11773,219704.0
10972,219704.0
18220,219704.0
15197,219704.0
36,219704.0
17227,219704.0
13768,219704.0
18330,219704.0
303,219704.0
8333,219704.0
6998,219704.0
16207,219704.0
4958,219704.0
12521,219704.0
18359,219704.0
2027,219704.0
5605,219704.0
1106,219704.0
11932,219704.0
16725,219704.0
11512,219704.0
13440,219704.0
2567,219704.0
15699,219704.0
12295,219704.0
5008,219704.0
3894,219704.0
12931,219704.0
18711,219704.0
3768,219704.0
15804,219704.0
15622,219704.0
8794,219704.0
15221,219704.0
2683,219704.0
8768,219704.0
16339,219704.0
13656,219704.0
4551,219704.0
1459,219704.0
2306,219704.0
1847,219704.0
6266,219704.0
18340,219704.0
7170,219704.0
7301,219704.0
3617,219704.0
10953,219704.0
11714,219704.0
1860,219704.0
14803,219704.0
12155,219704.0
16116,219704.0
17753,219704.0
6310,219704.0
5266,219704.0
9366,219704.0
246,219704.0
17845,219704.0
8438,219704.0
8595,219704.0
3297,219704.0
10999,219704.0
11258,219704.0
13308,219704.0
11640,219704.0
17376,219704.0
19945,219704.0
18862,219704.0
3314,219704.0
10758,219704.0
3769,219704.0
4041,219704.0
3434,219704.0
17626,219704.0
7505,219704.0
8792,219704.0
9886,219704.0
15281,219704.0
7725,219704.0
14635,219704.0
4130,219704.0
17489,219704.0
2697,219704.0
14856,219704.0
12917,219704.0
7960,219704.0
4944,219704.0
9542,219704.0
2951,219704.0
3606,219704.0
54,219704.0
8197,219704.0
18320,219704.0
3615,219704.0
13289,219704.0
3242,219704.0
8946,219704.0
10172,219704.0
3344,219704.0
4003,219704.0
16349,219704.0
18716,219704.0
18676,219704.0
15485,219704.0
18843,219704.0
18227,219704.0
5644,219704.0
4729,219704.0
986,219704.0
13677,219704.0
7651,219704.0
14056,219704.0
10193,219704.0
8164,219704.0
15590,219704.0
11269,219704.0
17777,219704.0
11885,219704.0
1882,219704.0
5954,219704.0
2314,219704.0
11117,219704.0
16637,219704.0
1955,219704.0
5981,219704.0
4782,219704.0
778,219704.0
9932,219704.0
16431,219704.0
3727,219704.0
17790,219704.0
11415,219704.0
1658,219704.0
5983,219704.0
11053,219704.0
9125,219704.0
4637,219704.0
4845,219704.0
17627,219704.0
16315,219704.0
15948,219704.0
1665,219704.0
11631,219704.0
14722,219704.0
18628,219704.0
4746,219704.0
7786,219704.0
15731,219704.0
15915,219704.0
14830,219704.0
18500,219704.0
989,219704.0
12161,219704.0
19909,219704.0
823,219704.0
1341,219704.0
7489,219704.0
11050,219704.0
9353,219704.0
2763,219704.0
15872,219704.0
11331,219704.0
14433,219704.0
6534,219704.0
10392,219704.0
12002,219704.0
2548,219704.0
10288,219704.0
4043,219704.0
19926,219704.0
14277,219704.0
15664,219704.0
87,219704.0
1217,219704.0
1742,219704.0
10845,219704.0
1771,219704.0
16453,219704.0
8484,219704.0
14,219704.0
3216,219704.0
14337,219704.0
6539,219704.0
13611,219704.0
4576,219704.0
16079,219704.0
18537,219704.0
2132,219704.0
2961,219704.0
9797,219704.0
5545,219704.0
18361,219704.0
11566,219704.0
7307,219704.0
5941,219704.0
9105,219704.0
6734,219704.0
384,219704.0
17711,219704.0
8755,219704.0
5858,219704.0
15052,219704.0
5925,219704.0
7132,219704.0
8073,219704.0
13070,219704.0
310,219704.0
10051,219704.0
140,219704.0
4653,219704.0
13765,219704.0
1318,219704.0
16727,219704.0
1050,219704.0
16037,219704.0
11520,219704.0
10985,219704.0
17284,219704.0
18525,219704.0
4999,219704.0
17962,219704.0
6225,219704.0
9394,219704.0
19141,219704.0
2537,219704.0
14054,219704.0
1852,219704.0
2249,219704.0
8054,219704.0
6238,219704.0
18129,219704.0
14541,219704.0
14234,219704.0
12340,219704.0
3666,219704.0
10427,219704.0
1902,219704.0
12532,219704.0
2303,219704.0
5304,219704.0
1460,219704.0
13350,219704.0
10970,219704.0
11980,219704.0
4621,219704.0
9041,219704.0
18682,219704.0
5369,219704.0
14574,219704.0
5413,219704.0
1531,219704.0
18157,219704.0
2133,219704.0
16800,219704.0
19702,219704.0
703,219704.0
1917,219704.0
10793,219704.0
17983,219704.0
1632,219704.0
6730,219704.0
16153,219704.0
11791,219704.0
5187,219704.0
14232,219704.0
4967,219704.0
5423,219704.0
16748,219704.0
7704,219704.0
14513,219704.0
3599,219704.0
16085,219704.0
733,219704.0
11953,219704.0
4790,219704.0
3160,219704.0
4060,219704.0
152,219704.0
3808,219704.0
9698,219704.0
3194,219704.0
15363,219704.0
6217,219704.0
14597,219704.0
13201,219704.0
14272,219704.0
16560,219704.0
4366,219704.0
13585,219704.0
9303,219704.0
19064,219704.0
15813,219704.0
15547,219704.0
6585,219704.0
2740,219704.0
14561,219704.0
8323,219704.0
3676,219704.0
979,219704.0
19247,219704.0
13091,219704.0
11963,219704.0
9483,219704.0
10936,219704.0
9049,219704.0
2917,219704.0
8215,219704.0
8371,219704.0
11304,219704.0
17129,219704.0
19295,219704.0
4321,219704.0
6897,219704.0
5159,219704.0
11637,219704.0
3272,219704.0
5003,219704.0
7064,219704.0
978,219704.0
14902,219704.0
18692,219704.0
16437,219704.0
9045,219704.0
15394,219704.0
92,219704.0
14502,219704.0
6711,219704.0
12073,219704.0
1910,219704.0
4465,219704.0
17400,219704.0
10106,219704.0
13567,219704.0
15632,219704.0
4440,219704.0
1505,219704.0
3582,219704.0
4308,219704.0
1301,219704.0
3393,219704.0
17813,219704.0
1296,219704.0
6767,219704.0
6956,219704.0
15146,219704.0
15653,219704.0
4917,219704.0
13747,219704.0
13354,219704.0
6765,219704.0
13423,219704.0
4542,219704.0
7609,219704.0
19925,219704.0
4588,219704.0
17625,219704.0
19012,219704.0
7536,219704.0
14125,219704.0
16531,219704.0
15691,219704.0
13166,219704.0
5731,219704.0
2147,219704.0
9470,219704.0
3345,219704.0
13557,219704.0
17091,219704.0
8439,219704.0
11978,219704.0
2957,219704.0
2429,219704.0
16848,219704.0
464,219704.0
11685,219704.0
8106,219704.0
15693,219704.0
16699,219704.0
11375,219704.0
14400,219704.0
13625,219704.0
15434,219704.0
15128,219704.0
18435,219704.0
6179,219704.0
10767,219704.0
3351,219704.0
15949,219704.0
14029,219704.0
17011,219704.0
3385,219704.0
4050,219704.0
1912,219704.0
4607,219704.0
9177,219704.0
6588,219704.0
14683,219704.0
2072,219704.0
13784,219704.0
2036,219704.0
19938,219704.0
605,219704.0
15460,219704.0
9272,219704.0
739,219704.0
3862,219704.0
17373,219704.0
15372,219704.0
4147,219704.0
14925,219704.0
2295,219704.0
18082,219704.0
3633,219704.0
1094,219704.0
6004,219704.0
914,219704.0
15625,219704.0
8808,219704.0
2597,219704.0
13961,219704.0
9737,219704.0
7146,219704.0
7554,219704.0
14164,219704.0
4213,219704.0
17760,219704.0
2639,219704.0
10395,219704.0
14479,219704.0
13782,219704.0
11857,219704.0
15124,219704.0
17828,219704.0
6512,219704.0
4980,219704.0
10349,219704.0
16288,219704.0
8019,219704.0
4539,219704.0
2746,219704.0
9602,219704.0
2503,219704.0
17749,219704.0
8779,219704.0
9137,219704.0
18520,219704.0
14380,219704.0
6043,219704.0
12293,219704.0
4804,219704.0
9234,219704.0
9213,219704.0
11939,219704.0
5253,219704.0
11001,219704.0
11672,219704.0
11662,219704.0
2100,219704.0
14706,219704.0
3343,219704.0
14694,219704.0
12286,219704.0
2573,219704.0
4405,219704.0
15328,219704.0
16675,219704.0
6356,219704.0
3491,219704.0
190,219704.0
14147,219704.0
11203,219704.0
6000,219704.0
7590,219704.0
14547,219704.0
11471,219704.0
3697,219704.0
15354,219704.0
8316,219704.0
17213,219704.0
17981,219704.0
1116,219704.0
8800,219704.0
9075,219704.0
8262,219704.0
6703,219704.0
5420,219704.0
17118,219704.0
3106,219704.0
17120,219704.0
12287,219704.0
9820,219704.0
16451,219704.0
4115,219704.0
3066,219704.0
4058,219704.0
19503,219704.0
19806,219704.0
12335,219704.0
16027,219704.0
19768,219704.0
13421,219704.0
6055,219704.0
17754,219704.0
6535,219704.0
10504,219704.0
11062,219704.0
6526,219704.0
3431,219704.0
5043,219704.0
9327,219704.0
13549,219704.0
14304,219704.0
18986,219704.0
4616,219704.0
19265,219704.0
11092,219704.0
18583,219704.0
6853,219704.0
8993,219704.0
4263,219704.0
3056,219704.0
2664,219704.0
13076,219704.0
11490,219704.0
7244,219704.0
6461,219704.0
9014,219704.0
7047,219704.0
8466,219704.0
10498,219704.0
11480,219704.0
13155,219704.0
6443,219704.0
13873,219704.0
10167,219704.0
6752,219704.0
5028,219704.0
9184,219704.0
9784,219704.0
9051,219704.0
11217,219704.0
7835,219704.0
17301,219704.0
19079,219704.0
2968,219704.0
19623,219704.0
11236,219704.0
7243,219704.0
12061,219704.0
4342,219704.0
18744,219704.0
690,219704.0
7394,219704.0
774,219704.0
2084,219704.0
15092,219704.0
7451,219704.0
11569,219704.0
2005,219704.0
3363,219704.0
16146,219704.0
14278,219704.0
15961,219704.0
14133,219704.0
13434,219704.0
1143,219704.0
12023,219704.0
19223,219704.0
2354,219704.0
5971,219704.0
13391,219704.0
8203,219704.0
2327,219704.0
16445,219704.0
6553,219704.0
1996,219704.0
18043,219704.0
19489,219704.0
12807,219704.0
9816,219704.0
2041,219704.0
17486,219704.0
1743,219704.0
9557,219704.0
11536,219704.0
1183,219704.0
5615,219704.0
7455,219704.0
19313,219704.0
5508,219704.0
13608,219704.0
5677,219704.0
8132,219704.0
3747,219704.0
12472,219704.0
6985,219704.0
8208,219704.0
8612,219704.0
18285,219704.0
12030,219704.0
15958,219704.0
10800,219704.0
3044,219704.0
18011,219704.0
8944,219704.0
7875,219704.0
18130,219704.0
3096,219704.0
6325,219704.0
6213,219704.0
7864,219704.0
691,219704.0
3879,219704.0
12835,219704.0
17541,219704.0
7223,219704.0
4248,219704.0
15049,219704.0
8184,219704.0
13599,219704.0
14058,219704.0
3521,219704.0
16470,219704.0
5699,219704.0
4408,219704.0
8695,219704.0
6575,219704.0
8660,219704.0
2378,219704.0
10157,219704.0
14956,219704.0
10695,219704.0
16062,219704.0
7022,219704.0
17023,219704.0
972,219704.0
14327,219704.0
10563,219704.0
12455,219704.0
6754,219704.0
12250,219704.0
4293,219704.0
15362,219704.0
5005,219704.0
8546,219704.0
14951,219704.0
677,219704.0
3918,219704.0
16903,219704.0
8417,219704.0
16908,219704.0
6772,219704.0
12906,219704.0
180,219704.0
8338,219704.0
9122,219704.0
409,219704.0
16311,219704.0
3561,219704.0
7416,219704.0
9564,219704.0
6656,219704.0
51,219704.0
9086,219704.0
8838,219704.0
88,219704.0
11043,219704.0
2450,219704.0
19565,219704.0
12794,219704.0
18997,219704.0
14413,219704.0
9182,219704.0
2040,219704.0
7796,219704.0
141,219704.0
11657,219704.0
4910,219704.0
1579,219704.0
17193,219704.0
18472,219704.0
12526,219704.0
16410,219704.0
1153,219704.0
8963,219704.0
1539,219704.0
5640,219704.0
9594,219704.0
2935,219704.0
4632,219704.0
7867,219704.0
12119,219704.0
6721,219704.0
12364,219704.0
9526,219704.0
13702,219704.0
19555,219704.0
11357,219704.0
12051,219704.0
4737,219704.0
4290,219704.0
3580,219704.0
16655,219704.0
14921,219704.0
19225,219704.0
1337,219704.0
18567,219704.0
4894,219704.0
11033,219704.0
19242,219704.0
1476,219704.0
18906,219704.0
18248,219704.0
10180,219704.0
11091,219704.0
13174,219704.0
2685,219704.0
19803,219704.0
8024,219704.0
259,219704.0
13612,219704.0
14968,219704.0
19062,219704.0
3208,219704.0
12355,219704.0
16241,219704.0
17292,219704.0
1174,219704.0
4310,219704.0
186,219704.0
18832,219704.0
16489,219704.0
17750,219704.0
18515,219704.0
6890,219704.0
15437,219704.0
17572,219704.0
3952,219704.0
6430,219704.0
13067,219704.0
10005,219704.0
6859,219704.0
5336,219704.0
2806,219704.0
12461,219704.0
3273,219704.0
6781,219704.0
9831,219704.0
499,219704.0
9074,219704.0
7276,219704.0
10345,219704.0
7338,219704.0
572,219704.0
15334,219704.0
10064,219704.0
12437,219704.0
9232,219704.0
12838,219704.0
7187,219704.0
15498,219704.0
15981,219704.0
4611,219704.0
16374,219704.0
1072,219704.0
19901,219704.0
8342,219704.0
15178,219704.0
2489,219704.0
17725,219704.0
14309,219704.0
52,219704.0
19996,219704.0
12150,219704.0
2933,219704.0
13457,219704.0
609,219704.0
14855,219704.0
1980,219704.0
8773,219704.0
16501,219704.0
9318,219704.0
16425,219704.0
19128,219704.0
9934,219704.0
107,219704.0
420,219704.0
3650,219704.0
14301,219704.0
1865,219704.0
16059,219704.0
89,219704.0
4195,219704.0
8303,219704.0
18238,219704.0
15251,219704.0
14549,219704.0
8872,219704.0
11392,219704.0
10595,219704.0
1543,219704.0
8067,219704.0
12901,219704.0
5254,219704.0
10306,219704.0
1958,219704.0
18943,219704.0
16738,219704.0
16980,219704.0
6538,219704.0
16050,219704.0
12736,219704.0
19478,219704.0
11446,219704.0
17978,219704.0
13830,219704.0
7207,219704.0
2170,219704.0
16005,219704.0
5973,219704.0
3128,219704.0
12959,219704.0
4413,219704.0
16351,219704.0
13954,219704.0
13733,219704.0
19542,219704.0
5786,219704.0
11344,219704.0
15640,219704.0
8245,219704.0
4374,219704.0
12569,219704.0
14592,219704.0
3386,219704.0
5066,219704.0
6595,219704.0
4564,219704.0
1644,219704.0
9861,219704.0
12889,219704.0
2752,219704.0
17272,219704.0
7923,219704.0
10059,219704.0
17438,219704.0
18406,219704.0
9164,219704.0
16542,219704.0
19450,219704.0
18240,219704.0
16407,219704.0
9243,219704.0
1323,219704.0
5392,219704.0
9979,219704.0
2007,219704.0
11959,219704.0
9527,219704.0
18383,219704.0
6875,219704.0
17249,219704.0
9667,219704.0
11511,219704.0
13878,219704.0
16114,219704.0
3771,219704.0
8850,219704.0
9593,219704.0
14615,219704.0
14162,219704.0
740,219704.0
14967,219704.0
5757,219704.0
17397,219704.0
16440,219704.0
6787,219704.0
4167,219704.0
10775,219704.0
15839,219704.0
5806,219704.0
11328,219704.0
13193,219704.0
13927,219704.0
2871,219704.0
4319,219704.0
7252,219704.0
10753,219704.0
4787,219704.0
1982,219704.0
12599,219704.0
4842,219704.0
5578,219704.0
10263,219704.0
19087,219704.0
3013,219704.0
730,219704.0
11894,219704.0
10544,219704.0
12004,219704.0
14481,219704.0
7095,219704.0
2231,219704.0
8009,219704.0
7055,219704.0
2803,219704.0
9648,219704.0
17757,219704.0
1166,219704.0
3887,219704.0
18114,219704.0
14284,219704.0
10445,219704.0
3886,219704.0
11969,219704.0
10126,219704.0
18066,219704.0
3816,219704.0
12129,219704.0
1485,219704.0
5434,219704.0
4386,219704.0
18457,219704.0
8021,219704.0
8947,219704.0
1619,219704.0
15423,219704.0
5194,219704.0
8045,219704.0
8391,219704.0
448,219704.0
10081,219704.0
19538,219704.0
1400,219704.0
16598,219704.0
5277,219704.0
11675,219704.0
15262,219704.0
17053,219704.0
15102,219704.0
18491,219704.0
12269,219704.0
12275,219704.0
4361,219704.0
10099,219704.0
6056,219704.0
16170,219704.0
7709,219704.0
1690,219704.0
15317,219704.0
12891,219704.0
6976,219704.0
15321,219704.0
9810,219704.0
12225,219704.0
11931,219704.0
10381,219704.0
12962,219704.0
19599,219704.0
19377,219704.0
18851,219704.0
15272,219704.0
3941,219704.0
18522,219704.0
16032,219704.0
13453,219704.0
9947,219704.0
5544,219704.0
9187,219704.0
14300,219704.0
2322,219704.0
7580,219704.0
8844,219704.0
13619,219704.0
45,219704.0
14075,219704.0
9973,219704.0
3293,219704.0
8447,219704.0
14577,219704.0
10711,219704.0
11020,219704.0
6663,219704.0
5776,219704.0
2282,219704.0
18756,219704.0
10209,219704.0
3658,219704.0
19540,219704.0
3776,219704.0
4908,219704.0
3123,219704.0
16060,219704.0
18404,219704.0
3570,219704.0
8278,219704.0
5223,219704.0
2811,219704.0
1383,219704.0
13285,219704.0
15533,219704.0
3680,219704.0
3973,219704.0
5524,219704.0
13072,219704.0
1784,219704.0
3696,219704.0
64,219704.0
3326,219704.0
14251,219704.0
3720,219704.0
15705,219704.0
3911,219704.0
5364,219704.0
1142,219704.0
1064,219704.0
12508,219704.0
11724,219704.0
5469,219704.0
13597,219704.0
7456,219704.0
19477,219704.0
224,219704.0
2362,219704.0
6878,219704.0
6934,219704.0
6327,219704.0
10304,219704.0
17786,219704.0
16937,219704.0
14567,219704.0
11123,219704.0
15988,219704.0
155,219704.0
13424,219704.0
19537,219704.0
10105,219704.0
7331,219704.0
16626,219704.0
19655,219704.0
234,219704.0
10880,219704.0
10120,219704.0
14307,219704.0
9636,219704.0
1464,219704.0
1382,219704.0
1475,219704.0
4132,219704.0
2651,219704.0
17692,219704.0
6205,219704.0
17221,219704.0
5144,219704.0
2762,219704.0
2037,219704.0
14076,219704.0
19514,219704.0
241,219704.0
668,219704.0
8312,219704.0
4585,219704.0
747,219704.0
13215,219704.0
8920,219704.0
17219,219704.0
12144,219704.0
9171,219704.0
13877,219704.0
9061,219704.0
16934,219704.0
17317,219704.0
13243,219704.0
9192,219704.0
12935,219704.0
6214,219704.0
19791,219704.0
16218,219704.0
15683,219704.0
724,219704.0
19620,219704.0
15377,219704.0
16068,219704.0
2538,219704.0
7397,219704.0
19928,219704.0
18858,219704.0
8574,219704.0
19045,219704.0
6301,219704.0
18934,219704.0
12468,219704.0
19258,219704.0
9868,219704.0
12779,219704.0
12755,219704.0
4909,219704.0
5762,219704.0
6172,219704.0
19668,219704.0
5444,219704.0
18835,219704.0
6180,219704.0
8583,219704.0
19314,219704.0
17417,219704.0
3628,219704.0
1269,219704.0
8459,219704.0
6808,219704.0
13361,219704.0
18552,219704.0
13324,219704.0
9928,219704.0
19973,219704.0
11614,219704.0
5378,219704.0
5974,219704.0
7601,219704.0
15333,219704.0
1355,219704.0
19678,219704.0
18925,219704.0
6852,219704.0
6372,219704.0
10455,219704.0
1889,219704.0
11848,219704.0
1945,219704.0
4529,219704.0
5756,219704.0
17605,219704.0
13099,219704.0
7073,219704.0
6769,219704.0
3550,219704.0
296,219704.0
16384,219704.0
2208,219704.0
8426,219704.0
13043,219704.0
9160,219704.0
8795,219704.0
18192,219704.0
16602,219704.0
4490,219704.0
6693,219704.0
14326,219704.0
632,219704.0
6800,219704.0
14049,219704.0
3890,219704.0
9385,219704.0
18635,219704.0
11178,219704.0
17085,219704.0
5260,219704.0
2792,219704.0
12488,219704.0
9,219704.0
1718,219704.0
9509,219704.0
13020,219704.0
12504,219704.0
12333,219704.0
3840,219704.0
19287,219704.0
3632,219704.0
19625,219704.0
1095,219704.0
8023,219704.0
2301,219704.0
1540,219704.0
13212,219704.0
15202,219704.0
14011,219704.0
973,219704.0
7316,219704.0
10024,219704.0
12809,219704.0
11546,219704.0
2717,219704.0
3611,219704.0
938,219704.0
8521,219704.0
14763,219704.0
9878,219704.0
1413,219704.0
7731,219704.0
6587,219704.0
14126,219704.0
16338,219704.0
8785,219704.0
14604,219704.0
17036,219704.0
19259,219704.0
3949,219704.0
11423,219704.0
18015,219704.0
17819,219704.0
18738,219704.0
9380,219704.0
3047,219704.0
17796,219704.0
16838,219704.0
15726,219704.0
13516,219704.0
245,219704.0
2006,219704.0
370,219704.0
8366,219704.0
14031,219704.0
18436,219704.0
5258,219704.0
4863,219704.0
14085,219704.0
8276,219704.0
10884,219704.0
11385,219704.0
10148,219704.0
14645,219704.0
3173,219704.0
13059,219704.0
3730,219704.0
11717,219704.0
8047,219704.0
1986,219704.0
14377,219704.0
19788,219704.0
2734,219704.0
6502,219704.0
208,219704.0
11788,219704.0
14465,219704.0
10932,219704.0
2624,219704.0
18434,219704.0
12169,219704.0
1426,219704.0
5450,219704.0
5727,219704.0
1705,219704.0
17260,219704.0
19999,219704.0
12622,219704.0
12469,219704.0
17523,219704.0
12629,219704.0
9148,219704.0
11948,219704.0
8728,219704.0
1039,219704.0
14684,219704.0
13226,219704.0
10634,219704.0
17977,219704.0
3243,219704.0
11315,219704.0
9800,219704.0
12013,219704.0
11807,219704.0
10439,219704.0
3287,219704.0
11488,219704.0
15231,219704.0
4373,219704.0
5207,219704.0
7834,219704.0
3088,219704.0
14915,219704.0
15410,219704.0
9984,219704.0
11874,219704.0
10354,219704.0
8403,219704.0
13141,219704.0
11585,219704.0
16722,219704.0
3818,219704.0
15477,219704.0
766,219704.0
16242,219704.0
2824,219704.0
18353,219704.0
15206,219704.0
13030,219704.0
12879,219704.0
10997,219704.0
13807,219704.0
6692,219704.0
14950,219704.0
17940,219704.0
18713,219704.0
14799,219704.0
16752,219704.0
6842,219704.0
12830,219704.0
4123,219704.0
19394,219704.0
6276,219704.0
14269,219704.0
17220,219704.0
8885,219704.0
120,219704.0
19614,219704.0
12747,219704.0
16393,219704.0
17975,219704.0
7200,219704.0
16595,219704.0
9336,219704.0
13959,219704.0
17367,219704.0
14051,219704.0
3752,219704.0
6941,219704.0
6691,219704.0
5749,219704.0
9629,219704.0
16475,219704.0
2008,219704.0
3702,219704.0
4435,219704.0
9827,219704.0
18639,219704.0
8330,219704.0
13528,219704.0
640,219704.0
15427,219704.0
13470,219704.0
2009,219704.0
5690,219704.0
11987,219704.0
7953,219704.0
6079,219704.0
6265,219704.0
2368,219704.0
16454,219704.0
5642,219704.0
10181,219704.0
11240,219704.0
9866,219704.0
16825,219704.0
13124,219704.0
5617,219704.0
10154,219704.0
634,219704.0
3003,219704.0
15044,219704.0
13034,219704.0
836,219704.0
9589,219704.0
9661,219704.0
4480,219704.0
18416,219704.0
12339,219704.0
6513,219704.0
2866,219704.0
11822,219704.0
7659,219704.0
12043,219704.0
3389,219704.0
13513,219704.0
12183,219704.0
3150,219704.0
13904,219704.0
19160,219704.0
5807,219704.0
15506,219704.0
3295,219704.0
19492,219704.0
8488,219704.0
7514,219704.0
4476,219704.0
11266,219704.0
12138,219704.0
5337,219704.0
9181,219704.0
13722,219704.0
5674,219704.0
11345,219704.0
12334,219704.0
1402,219704.0
4200,219704.0
7126,219704.0
15923,219704.0
8943,219704.0
13943,219704.0
4966,219704.0
19389,219704.0
12817,219704.0
3327,219704.0
7194,219704.0
19763,219704.0
6242,219704.0
7546,219704.0
17773,219704.0
5610,219704.0
9677,219704.0
8514,219704.0
13895,219704.0
5436,219704.0
17700,219704.0
15352,219704.0
1874,219704.0
3605,219704.0
19465,219704.0
8692,219704.0
8789,219704.0
878,219704.0
9155,219704.0
12684,219704.0
19252,219704.0
18453,219704.0
15886,219704.0
18452,219704.0
12754,219704.0
1938,219704.0
5410,219704.0
3024,219704.0
17595,219704.0
14797,219704.0
4385,219704.0
15267,219704.0
1049,219704.0
16086,219704.0
9330,219704.0
3692,219704.0
9432,219704.0
16420,219704.0
9238,219704.0
14482,219704.0
7021,219704.0
15700,219704.0
13590,219704.0
13104,219704.0
9333,219704.0
4709,219704.0
16234,219704.0
19230,219704.0
6762,219704.0
1609,219704.0
10205,219704.0
10331,219704.0
1074,219704.0
713,219704.0
19072,219704.0
1985,219704.0
11560,219704.0
13750,219704.0
17744,219704.0
16185,219704.0
19284,219704.0
3957,219704.0
19325,219704.0
726,219704.0
8998,219704.0
12987,219704.0
9612,219704.0
5026,219704.0
4204,219704.0
15885,219704.0
14289,219704.0
15583,219704.0
14625,219704.0
19541,219704.0
851,219704.0
12228,219704.0
2273,219704.0
7472,219704.0
4549,219704.0
15093,219704.0
3004,219704.0
6824,219704.0
13348,219704.0
13855,219704.0
13487,219704.0
18935,219704.0
14432,219704.0
12941,219704.0
5117,219704.0
17697,219704.0
14752,219704.0
17986,219704.0
5836,219704.0
17034,219704.0
4418,219704.0
8995,219704.0
8824,219704.0
15325,219704.0
19651,219704.0
14160,219704.0
11476,219704.0
305,219704.0
19071,219704.0
16561,219704.0
3819,219704.0
4084,219704.0
3274,219704.0
6937,219704.0
8631,219704.0
4707,219704.0
13400,219704.0
2691,219704.0
18726,219704.0
96,219704.0
1536,219704.0
18841,219704.0
6093,219704.0
13791,219704.0
3934,219704.0
18787,219704.0
4001,219704.0
17920,219704.0
965,219704.0
17326,219704.0
19091,219704.0
4494,219704.0
17229,219704.0
14426,219704.0
6657,219704.0
4145,219704.0
11371,219704.0
3811,219704.0
18505,219704.0
3585,219704.0
6650,219704.0
15925,219704.0
2760,219704.0
13751,219704.0
12909,219704.0
6005,219704.0
19629,219704.0
14638,219704.0
7350,219704.0
15598,219704.0
19713,219704.0
11845,219704.0
17238,219704.0
18871,219704.0
6228,219704.0
10975,219704.0
16918,219704.0
8281,219704.0
744,219704.0
16385,219704.0
2161,219704.0
9900,219704.0
4363,219704.0
8022,219704.0
15604,219704.0
8094,219704.0
11841,219704.0
3734,219704.0
17100,219704.0
6196,219704.0
10585,219704.0
19337,219704.0
13926,219704.0
13671,219704.0
17254,219704.0
591,219704.0
13568,219704.0
16084,219704.0
15405,219704.0
14480,219704.0
14895,219704.0
2218,219704.0
7196,219704.0
18580,219704.0
6034,219704.0
16186,219704.0
385,219704.0
3517,219704.0
8014,219704.0
14368,219704.0
17309,219704.0
18587,219704.0
1224,219704.0
2865,219704.0
9884,219704.0
5956,219704.0
4558,219704.0
18395,219704.0
158,219704.0
18957,219704.0
870,219704.0
285,219704.0
9882,219704.0
2074,219704.0
3410,219704.0
17375,219704.0
9504,219704.0
11735,219704.0
5804,219704.0
1892,219704.0
10187,219704.0
8166,219704.0
14759,219704.0
19096,219704.0
19248,219704.0
946,219704.0
18181,219704.0
4273,219704.0
17346,219704.0
19011,219704.0
8437,219704.0
12458,219704.0
19161,219704.0
15531,219704.0
14225,219704.0
10418,219704.0
6382,219704.0
6509,219704.0
951,219704.0
15104,219704.0
5728,219704.0
10608,219704.0
3502,219704.0
16811,219704.0
5534,219704.0
6311,219704.0
11764,219704.0
19707,219704.0
13198,219704.0
8151,219704.0
13314,219704.0
14666,219704.0
14885,219704.0
4627,219704.0
8188,219704.0
18232,219704.0
163,219704.0
9651,219704.0
9111,219704.0
7148,219704.0
14721,219704.0
14068,219704.0
17022,219704.0
431,219704.0
912,219704.0
4004,219704.0
17425,219704.0
570,219704.0
6826,219704.0
6611,219704.0
320,219704.0
199,219704.0
13001,219704.0
18765,219704.0
13681,219704.0
6140,219704.0
1240,219704.0
11571,219704.0
95,219704.0
15865,219704.0
9175,219704.0
15500,219704.0
15475,219704.0
227,219704.0
16352,219704.0
9711,219704.0
1139,219704.0
18224,219704.0
12306,219704.0
1289,219704.0
19735,219704.0
11535,219704.0
16039,219704.0
19956,219704.0
3029,219704.0
15616,219704.0
13357,219704.0
12947,219704.0
18064,219704.0
15238,219704.0
4035,219704.0
10363,219704.0
10831,219704.0
8113,219704.0
7959,219704.0
7671,219704.0
19118,219704.0
15024,219704.0
9383,219704.0
4913,219704.0
2455,219704.0
10863,219704.0
1046,219704.0
1270,219704.0
15992,219704.0
7081,219704.0
6821,219704.0
13730,219704.0
19427,219704.0
16150,219704.0
11749,219704.0
11635,219704.0
8908,219704.0
6324,219704.0
538,219704.0
7908,219704.0
18674,219704.0
19381,219704.0
5598,219704.0
4924,219704.0
4154,219704.0
13570,219704.0
2203,219704.0
15095,219704.0
11974,219704.0
6036,219704.0
17416,219704.0
11158,219704.0
4426,219704.0
19816,219704.0
9506,219704.0
10927,219704.0
13046,219704.0
11811,219704.0
16016,219704.0
5537,219704.0
18898,219704.0
7311,219704.0
7138,219704.0
15984,219704.0
12054,219704.0
14239,219704.0
13501,219704.0
14836,219704.0
975,219704.0
8078,219704.0
3778,219704.0
16809,219704.0
5354,219704.0
14341,219704.0
10962,219704.0
14410,219704.0
10375,219704.0
3549,219704.0
4312,219704.0
5356,219704.0
6690,219704.0
17877,219704.0
12436,219704.0
19367,219704.0
7637,219704.0
5453,219704.0
11575,219704.0
2195,219704.0
13949,219704.0
16442,219704.0
17342,219704.0
2159,219704.0
15029,219704.0
618,219704.0
5126,219704.0
773,219704.0
10147,219704.0
1212,219704.0
7387,219704.0
4113,219704.0
14259,219704.0
7764,219704.0
16654,219704.0
15228,219704.0
19609,219704.0
2113,219704.0
17441,219704.0
10551,219704.0
17795,219704.0
12942,219704.0
149,219704.0
17680,219704.0
15402,219704.0
8723,219704.0
16532,219704.0
11859,219704.0
5390,219704.0
903,219704.0
8766,219704.0
3246,219704.0
16165,219704.0
5379,219704.0
6303,219704.0
6314,219704.0
19698,219704.0
15884,219704.0
6279,219704.0
12588,219704.0
8646,219704.0
16199,219704.0
3089,219704.0
12984,219704.0
7684,219704.0
3187,219704.0
5898,219704.0
9347,219704.0
14555,219704.0
9054,219704.0
12512,219704.0
14224,219704.0
18740,219704.0
18134,219704.0
12413,219704.0
